timestamp,cash,cash_benchmark,net_equity,gross_equity,gross_exposure,net_exposure,commissions,slippage_costs,borrow_costs
2021-01-04,100000.0,100000,100000.0,100000.0,0.0,0.0,0.0,0.0,0.0
2021-01-05,100000.0,100000,100000.0,100000.0,0.0,0.0,0.0,0.0,0.0
2021-01-06,100000.0,100000,100000.0,100000.0,0.0,0.0,0.0,0.0,0.0
2021-01-07,100000.0,100000,100000.0,100000.0,0.0,0.0,0.0,0.0,0.0
2021-01-08,100000.0,100000,100000.0,100000.0,0.0,0.0,0.0,0.0,0.0
2021-01-11,100000.0,100000,100000.0,100000.0,0.0,0.0,0.0,0.0,0.0
2021-01-12,100000.0,100000,100000.0,100000.0,0.0,0.0,0.0,0.0,0.0
2021-01-13,100000.0,100000,100000.0,100000.0,0.0,0.0,0.0,0.0,0.0
2021-01-14,100000.0,100000,100000.0,100000.0,0.0,0.0,0.0,0.0,0.0
2021-01-15,100000.0,100000,100000.0,100000.0,0.0,0.0,0.0,0.0,0.0
2021-01-19,100000.0,100000,100000.0,100000.0,0.0,0.0,0.0,0.0,0.0
2021-01-20,100000.0,100000,100000.0,100000.0,0.0,0.0,0.0,0.0,0.0
2021-01-21,100000.0,100000,100000.0,100000.0,0.0,0.0,0.0,0.0,0.0
2021-01-22,100000.0,100000,100000.0,100000.0,0.0,0.0,0.0,0.0,0.0
2021-01-25,100000.0,100000,100000.0,100000.0,0.0,0.0,0.0,0.0,0.0
2021-01-26,100000.0,100000,100000.0,100000.0,0.0,0.0,0.0,0.0,0.0
2021-01-27,100000.0,100000,100000.0,100000.0,0.0,0.0,0.0,0.0,0.0
2021-01-28,100000.0,100000,100000.0,100000.0,0.0,0.0,0.0,0.0,0.0
2021-01-29,100000.0,100000,100000.0,100000.0,0.0,0.0,0.0,0.0,0.0
2021-02-01,100000.0,100000,100000.0,100000.0,0.0,0.0,0.0,0.0,0.0
2021-02-02,100000.0,100000,100000.0,100000.0,0.0,0.0,0.0,0.0,0.0
2021-02-03,100000.0,100000,100000.0,100000.0,0.0,0.0,0.0,0.0,0.0
2021-02-04,100000.0,100000,100000.0,100000.0,0.0,0.0,0.0,0.0,0.0
2021-02-05,100000.0,100000,100000.0,100000.0,0.0,0.0,0.0,0.0,0.0
2021-02-08,100000.0,100000,100000.0,100000.0,0.0,0.0,0.0,0.0,0.0
2021-02-09,85125.09095347664,100000,99233.51147813359,99303.51295862434,100520.05875095747,14108.420524656947,20.0014804907566,49.99999999999596,0.0
2021-02-10,85125.09095347664,100000,99875.48280150391,99945.48428199466,101844.01352059055,14750.391848027262,20.0014804907566,49.99999999999596,0.0
2021-02-11,85125.09095347664,100000,99913.84471628163,99983.84619677239,101175.53486565253,14788.753762804998,20.0014804907566,49.99999999999596,0.0
2021-02-12,85125.09095347664,100000,99578.1437866106,99648.14526710135,102179.15880650314,14453.052833133966,20.0014804907566,49.99999999999596,0.0
2021-02-16,85125.09095347664,100000,99201.23516422922,99271.23664471997,104945.9664661412,14076.14421075258,20.0014804907566,49.99999999999596,0.0
2021-02-17,85125.09095347664,100000,100509.73045782934,100579.7319383201,107203.15379471827,15384.639504352694,20.0014804907566,49.99999999999596,0.0
2021-02-18,85125.09095347664,100000,101475.09302350736,101545.09450399812,105061.99542094773,16350.002070030714,20.0014804907566,49.99999999999596,0.0
2021-02-19,85125.09095347664,100000,101307.35154763235,101377.3530281231,106252.18078890875,16182.260594155712,20.0014804907566,49.99999999999596,0.0
2021-02-22,85125.09095347664,100000,100674.36978379666,100744.37126428742,110195.25864824414,15549.278830320021,20.0014804907566,49.99999999999596,0.0
2021-02-23,85125.09095347664,100000,100332.02763353579,100402.02911402655,112122.3228261095,15206.93668005916,20.0014804907566,49.99999999999596,0.0
2021-02-24,85125.09095347664,100000,100293.256631034,100363.25811152476,116864.21594512138,15168.165677557365,20.0014804907566,49.99999999999596,0.0
2021-02-25,85125.09095347664,100000,101205.15440868578,101275.15588917653,114725.44172355763,16080.063455209129,20.0014804907566,49.99999999999596,0.0
2021-02-26,85125.09095347664,100000,100652.17974320732,100722.18122369808,112275.04857189338,15527.088789730682,20.0014804907566,49.99999999999596,0.0
2021-03-01,85125.09095347664,100000,101404.08580896523,101474.08728945599,114143.08164057389,16278.9948554886,20.0014804907566,49.99999999999596,0.0
2021-03-02,101315.10271048226,100000,101315.10271048226,101464.86604911786,0.0,0.0,42.78942069117294,106.97391794442846,0.0
2021-03-03,101315.10271048226,100000,101315.10271048226,101464.86604911786,0.0,0.0,42.78942069117294,106.97391794442846,0.0
2021-03-04,101315.10271048226,100000,101315.10271048226,101464.86604911786,0.0,0.0,42.78942069117294,106.97391794442846,0.0
2021-03-05,101315.10271048226,100000,101315.10271048226,101464.86604911786,0.0,0.0,42.78942069117294,106.97391794442846,0.0
2021-03-08,101315.10271048226,100000,101315.10271048226,101464.86604911786,0.0,0.0,42.78942069117294,106.97391794442846,0.0
2021-03-09,101315.10271048226,100000,101315.10271048226,101464.86604911786,0.0,0.0,42.78942069117294,106.97391794442846,0.0
2021-03-10,101315.10271048226,100000,101315.10271048226,101464.86604911786,0.0,0.0,42.78942069117294,106.97391794442846,0.0
2021-03-11,101315.10271048226,100000,101315.10271048226,101464.86604911786,0.0,0.0,42.78942069117294,106.97391794442846,0.0
2021-03-12,101315.10271048226,100000,101315.10271048226,101464.86604911786,0.0,0.0,42.78942069117294,106.97391794442846,0.0
2021-03-15,101315.10271048226,100000,101315.10271048226,101464.86604911786,0.0,0.0,42.78942069117294,106.97391794442846,0.0
2021-03-16,101315.10271048226,100000,101315.10271048226,101464.86604911786,0.0,0.0,42.78942069117294,106.97391794442846,0.0
2021-03-17,101315.10271048226,100000,101315.10271048226,101464.86604911786,0.0,0.0,42.78942069117294,106.97391794442846,0.0
2021-03-18,101315.10271048226,100000,101315.10271048226,101464.86604911786,0.0,0.0,42.78942069117294,106.97391794442846,0.0
2021-03-19,101315.10271048226,100000,101315.10271048226,101464.86604911786,0.0,0.0,42.78942069117294,106.97391794442846,0.0
2021-03-22,101315.10271048226,100000,101315.10271048226,101464.86604911786,0.0,0.0,42.78942069117294,106.97391794442846,0.0
2021-03-23,101315.10271048226,100000,101315.10271048226,101464.86604911786,0.0,0.0,42.78942069117294,106.97391794442846,0.0
2021-03-24,101315.10271048226,100000,101315.10271048226,101464.86604911786,0.0,0.0,42.78942069117294,106.97391794442846,0.0
2021-03-25,101315.10271048226,100000,101315.10271048226,101464.86604911786,0.0,0.0,42.78942069117294,106.97391794442846,0.0
2021-03-26,101315.10271048226,100000,101315.10271048226,101464.86604911786,0.0,0.0,42.78942069117294,106.97391794442846,0.0
2021-03-29,101315.10271048226,100000,101315.10271048226,101464.86604911786,0.0,0.0,42.78942069117294,106.97391794442846,0.0
2021-03-30,101315.10271048226,100000,101315.10271048226,101464.86604911786,0.0,0.0,42.78942069117294,106.97391794442846,0.0
2021-03-31,101315.10271048226,100000,101315.10271048226,101464.86604911786,0.0,0.0,42.78942069117294,106.97391794442846,0.0
2021-04-01,101315.10271048226,100000,101315.10271048226,101464.86604911786,0.0,0.0,42.78942069117294,106.97391794442846,0.0
2021-04-05,101315.10271048226,100000,101315.10271048226,101464.86604911786,0.0,0.0,42.78942069117294,106.97391794442846,0.0
2021-04-06,101315.10271048226,100000,101315.10271048226,101464.86604911786,0.0,0.0,42.78942069117294,106.97391794442846,0.0
2021-04-07,101315.10271048226,100000,101315.10271048226,101464.86604911786,0.0,0.0,42.78942069117294,106.97391794442846,0.0
2021-04-08,101315.10271048226,100000,101315.10271048226,101464.86604911786,0.0,0.0,42.78942069117294,106.97391794442846,0.0
2021-04-09,101315.10271048226,100000,101315.10271048226,101464.86604911786,0.0,0.0,42.78942069117294,106.97391794442846,0.0
2021-04-12,101315.10271048226,100000,101315.10271048226,101464.86604911786,0.0,0.0,42.78942069117294,106.97391794442846,0.0
2021-04-13,101315.10271048226,100000,101315.10271048226,101464.86604911786,0.0,0.0,42.78942069117294,106.97391794442846,0.0
2021-04-14,101315.10271048226,100000,101315.10271048226,101464.86604911786,0.0,0.0,42.78942069117294,106.97391794442846,0.0
2021-04-15,101315.10271048226,100000,101315.10271048226,101464.86604911786,0.0,0.0,42.78942069117294,106.97391794442846,0.0
2021-04-16,101315.10271048226,100000,101315.10271048226,101464.86604911786,0.0,0.0,42.78942069117294,106.97391794442846,0.0
2021-04-19,101315.10271048226,100000,101315.10271048226,101464.86604911786,0.0,0.0,42.78942069117294,106.97391794442846,0.0
2021-04-20,101315.10271048226,100000,101315.10271048226,101464.86604911786,0.0,0.0,42.78942069117294,106.97391794442846,0.0
2021-04-21,117197.23438969758,100000,101616.90952179203,101836.67126521462,103145.50484782929,-15580.324867905547,62.78782547816455,156.97391794442706,0.0
2021-04-22,117197.23438969758,100000,102137.99253822511,102357.7542816477,101609.46059869681,-15059.241851472463,62.78782547816455,156.97391794442706,0.0
2021-04-23,117197.23438969758,100000,102018.76362088214,102238.52536430473,102183.65232129057,-15178.470768815445,62.78782547816455,156.97391794442706,0.0
2021-04-26,117197.23438969758,100000,102499.84596414323,102719.60770756582,102630.02715651135,-14697.388425554345,62.78782547816455,156.97391794442706,0.0
2021-04-27,117197.23438969758,100000,102736.6674658008,102956.4292092234,104230.58844383724,-14460.566923896782,62.78782547816455,156.97391794442706,0.0
2021-04-28,117197.23438969758,100000,102802.89505702468,103022.65680044728,107209.19598681132,-14394.339332672898,62.78782547816455,156.97391794442706,0.0
2021-04-29,117197.23438969758,100000,101910.8315239656,102130.59326738819,108258.75224829187,-15286.402865731987,62.78782547816455,156.97391794442706,0.0
2021-04-30,117197.23438969758,100000,102382.87309488158,102602.63483830418,104304.40383599058,-14814.361294816,62.78782547816455,156.97391794442706,0.0
2021-05-03,117197.23438969758,100000,102361.27516310522,102581.03690652782,107125.84821330933,-14835.959226592364,62.78782547816455,156.97391794442706,0.0
2021-05-04,117197.23438969758,100000,101877.37245784138,102097.13420126398,107312.26465377706,-15319.86193185619,62.78782547816455,156.97391794442706,0.0
2021-05-05,117197.23438969758,100000,102741.59587775974,102961.35762118234,111470.25269341478,-14455.638511937846,62.78782547816455,156.97391794442706,0.0
2021-05-06,117197.23438969758,100000,102934.42464702434,103154.18639044694,111732.41910533444,-14262.809742673242,62.78782547816455,156.97391794442706,0.0
2021-05-07,117197.23438969758,100000,103581.49804714894,103801.25979057154,113535.20830981564,-13615.73634254864,62.78782547816455,156.97391794442706,0.0
2021-05-10,103651.39447779095,100000,103651.39447779095,103951.88644160924,0.0,0.0,85.85456452762745,214.63739929065702,0.0
2021-05-11,103651.39447779095,100000,103651.39447779095,103951.88644160924,0.0,0.0,85.85456452762745,214.63739929065702,0.0
2021-05-12,103651.39447779095,100000,103651.39447779095,103951.88644160924,0.0,0.0,85.85456452762745,214.63739929065702,0.0
2021-05-13,103651.39447779095,100000,103651.39447779095,103951.88644160924,0.0,0.0,85.85456452762745,214.63739929065702,0.0
2021-05-14,103651.39447779095,100000,103651.39447779095,103951.88644160924,0.0,0.0,85.85456452762745,214.63739929065702,0.0
2021-05-17,103651.39447779095,100000,103651.39447779095,103951.88644160924,0.0,0.0,85.85456452762745,214.63739929065702,0.0
2021-05-18,103651.39447779095,100000,103651.39447779095,103951.88644160924,0.0,0.0,85.85456452762745,214.63739929065702,0.0
2021-05-19,103651.39447779095,100000,103651.39447779095,103951.88644160924,0.0,0.0,85.85456452762745,214.63739929065702,0.0
2021-05-20,87629.26279857563,100000,104053.35267957897,104423.84623861026,100079.28010024274,16424.08988100334,105.85615974063585,264.6373992906574,0.0
2021-05-21,87629.26279857563,100000,104172.02517175673,104542.51873078803,100590.64369667949,16542.762373181104,105.85615974063585,264.6373992906574,0.0
2021-05-24,87629.26279857563,100000,104664.67873404626,105035.17229307756,101762.91468189124,17035.415935470643,105.85615974063585,264.6373992906574,0.0
2021-05-25,87629.26279857563,100000,104612.84605021181,104983.3396092431,99868.53715674268,16983.58325163619,105.85615974063585,264.6373992906574,0.0
2021-05-26,87629.26279857563,100000,104345.72119990311,104716.21475893441,100416.9476685331,16716.458401327494,105.85615974063585,264.6373992906574,0.0
2021-05-27,87629.26279857563,100000,103638.26974388241,104008.7633029137,99875.63662286487,16009.006945306777,105.85615974063585,264.6373992906574,0.0
2021-05-28,87629.26279857563,100000,103918.42221357676,104288.91577260806,100472.9725411953,16289.159415001137,105.85615974063585,264.6373992906574,0.0
2021-06-01,87629.26279857563,100000,103616.64372542498,103987.13728445627,103992.21553836751,15987.380926849357,105.85615974063585,264.6373992906574,0.0
2021-06-02,87629.26279857563,100000,103877.31649216305,104247.81005119435,105340.28034083679,16248.053693587426,105.85615974063585,264.6373992906574,0.0
2021-06-03,87629.26279857563,100000,103239.20663772884,103609.70019676014,105427.12854784765,15609.94383915321,105.85615974063585,264.6373992906574,0.0
2021-06-04,87629.26279857563,100000,103435.98408037199,103806.47763940328,106197.82794541173,15806.72128179636,105.85615974063585,264.6373992906574,0.0
2021-06-07,87629.26279857563,100000,103072.44988362212,103442.94344265341,105773.88346510787,15443.187085046491,105.85615974063585,264.6373992906574,0.0
2021-06-08,87629.26279857563,100000,103125.29676823717,103495.79032726846,106823.51735776232,15496.033969661548,105.85615974063585,264.6373992906574,0.0
2021-06-09,87629.26279857563,100000,103187.49324138806,103557.98680041936,105692.57780486462,15558.23044281244,105.85615974063585,264.6373992906574,0.0
2021-06-10,87629.26279857563,100000,103171.84768192784,103542.34124095914,106416.98074715893,15542.584883352225,105.85615974063585,264.6373992906574,0.0
2021-06-11,87629.26279857563,100000,103041.61961751402,103412.11317654532,105984.70126497517,15412.356818938395,105.85615974063585,264.6373992906574,0.0
2021-06-14,87629.26279857563,100000,102818.6347528433,103189.12831187459,106275.19341287419,15189.371954267677,105.85615974063585,264.6373992906574,0.0
2021-06-15,87629.26279857563,100000,103479.82355532641,103850.3171143577,108235.2345046855,15850.56075675079,105.85615974063585,264.6373992906574,0.0
2021-06-16,87629.26279857563,100000,103155.65185450378,103526.14541353508,107850.65945206833,15526.38905592815,105.85615974063585,264.6373992906574,0.0
2021-06-17,87629.26279857563,100000,103294.06944569337,103664.56300472467,104787.25576554274,15664.806647117752,105.85615974063585,264.6373992906574,0.0
2021-06-18,87629.26279857563,100000,102139.22042953002,102509.71398856131,101397.17773556573,14509.957630954385,105.85615974063585,264.6373992906574,0.0
2021-06-21,87629.26279857563,100000,101632.91749594116,102003.41105497246,105300.9433413285,14003.654697365542,105.85615974063585,264.6373992906574,0.0
2021-06-22,87629.26279857563,100000,101573.05847978289,101943.55203881419,105754.5682694994,13943.795681207273,105.85615974063585,264.6373992906574,0.0
2021-06-23,87629.26279857563,100000,101522.58285389259,101893.07641292388,105658.77280036456,13893.320055316966,105.85615974063585,264.6373992906574,0.0
2021-06-24,87629.26279857563,100000,101536.21087294102,101906.70443197232,106623.88877948622,13906.948074365398,105.85615974063585,264.6373992906574,0.0
2021-06-25,87629.26279857563,100000,101686.6220868892,102057.1156459205,106653.48635808587,14057.359288313572,105.85615974063585,264.6373992906574,0.0
2021-06-28,87629.26279857563,100000,101123.61025985857,101494.10381888987,103492.77688415823,13494.347461282938,105.85615974063585,264.6373992906574,0.0
2021-06-29,87629.26279857563,100000,101402.02837810558,101772.52193713687,102955.61804974946,13772.765579529958,105.85615974063585,264.6373992906574,0.0
2021-06-30,87629.26279857563,100000,100556.24728310466,100926.74084213596,104903.89055141422,12926.984484529043,105.85615974063585,264.6373992906574,0.0
2021-07-01,87629.26279857563,100000,99887.91695635856,100258.41051538986,107225.94204406464,12258.654157782927,105.85615974063585,264.6373992906574,0.0
2021-07-02,99843.57222068266,100000,99843.57222068266,100288.69988753922,0.0,0.0,127.17931276617304,317.94835409038257,0.0
2021-07-06,82193.89095761906,100000,100316.16240872827,100831.29183355276,97260.48291059236,18122.271451109205,147.18107073412355,367.94835409037734,0.0
2021-07-07,82193.89095761906,100000,100561.76089503508,101076.89031985958,95838.75832148251,18367.869937416028,147.18107073412355,367.94835409037734,0.0
2021-07-08,82193.89095761906,100000,100247.39077734835,100762.52020217285,95786.95648948966,18053.499819729288,147.18107073412355,367.94835409037734,0.0
2021-07-09,82193.89095761906,100000,100459.01696794445,100974.14639276895,97206.39317896255,18265.126010325388,147.18107073412355,367.94835409037734,0.0
2021-07-12,82193.89095761906,100000,100792.1487898782,101307.2782147027,97106.30179076185,18598.257832259136,147.18107073412355,367.94835409037734,0.0
2021-07-13,82193.89095761906,100000,100821.14466704201,101336.27409186651,96688.90868525031,18627.25370942295,147.18107073412355,367.94835409037734,0.0
2021-07-14,82193.89095761906,100000,100908.78635137502,101423.91577619952,94426.56541772804,18714.895393755964,147.18107073412355,367.94835409037734,0.0
2021-07-15,82193.89095761906,100000,100924.3688971668,101439.4983219913,93667.57875135305,18730.477939547745,147.18107073412355,367.94835409037734,0.0
2021-07-16,82193.89095761906,100000,100474.69592481268,100989.82534963718,91143.62475775245,18280.804967193617,147.18107073412355,367.94835409037734,0.0
2021-07-19,82193.89095761906,100000,100180.56140507967,100695.69082990417,88486.35759019884,17986.670447460616,147.18107073412355,367.94835409037734,0.0
2021-07-20,82193.89095761906,100000,99991.34500813644,100506.47443296094,89308.0194523368,17797.45405051737,147.18107073412355,367.94835409037734,0.0
2021-07-21,82193.89095761906,100000,100142.6744537313,100657.8038785558,92807.11864262953,17948.783496112235,147.18107073412355,367.94835409037734,0.0
2021-07-22,82193.89095761906,100000,99817.63969410726,100332.76911893176,92022.5773319908,17623.748736488196,147.18107073412355,367.94835409037734,0.0
2021-07-23,82193.89095761906,100000,100435.13576671018,100950.26519153468,91449.4898822361,18241.24480909112,147.18107073412355,367.94835409037734,0.0
2021-07-26,82193.89095761906,100000,100582.62457089739,101097.75399572188,93620.98875100684,18388.733613278324,147.18107073412355,367.94835409037734,0.0
2021-07-27,82193.89095761906,100000,100751.16860043404,101266.29802525854,93075.17061607854,18557.27764281498,147.18107073412355,367.94835409037734,0.0
2021-07-28,82193.89095761906,100000,100809.44528677853,101324.57471160303,93649.3708457948,18615.554329159466,147.18107073412355,367.94835409037734,0.0
2021-07-29,82193.89095761906,100000,101342.4671249263,101857.5965497508,94658.62609288562,19148.576167307234,147.18107073412355,367.94835409037734,0.0
2021-07-30,101759.66192916987,100000,101759.66192916987,102341.09256132232,0.0,0.0,166.1228705369557,415.30776161549784,0.0
2021-08-02,101759.66192916987,100000,101759.66192916987,102341.09256132232,0.0,0.0,166.1228705369557,415.30776161549784,0.0
2021-08-03,101759.66192916987,100000,101759.66192916987,102341.09256132232,0.0,0.0,166.1228705369557,415.30776161549784,0.0
2021-08-04,101759.66192916987,100000,101759.66192916987,102341.09256132232,0.0,0.0,166.1228705369557,415.30776161549784,0.0
2021-08-05,101759.66192916987,100000,101759.66192916987,102341.09256132232,0.0,0.0,166.1228705369557,415.30776161549784,0.0
2021-08-06,101759.66192916987,100000,101759.66192916987,102341.09256132232,0.0,0.0,166.1228705369557,415.30776161549784,0.0
2021-08-09,101759.66192916987,100000,101759.66192916987,102341.09256132232,0.0,0.0,166.1228705369557,415.30776161549784,0.0
2021-08-10,101759.66192916987,100000,101759.66192916987,102341.09256132232,0.0,0.0,166.1228705369557,415.30776161549784,0.0
2021-08-11,101759.66192916987,100000,101759.66192916987,102341.09256132232,0.0,0.0,166.1228705369557,415.30776161549784,0.0
2021-08-12,101759.66192916987,100000,101759.66192916987,102341.09256132232,0.0,0.0,166.1228705369557,415.30776161549784,0.0
2021-08-13,101759.66192916987,100000,101759.66192916987,102341.09256132232,0.0,0.0,166.1228705369557,415.30776161549784,0.0
2021-08-16,101759.66192916987,100000,101759.66192916987,102341.09256132232,0.0,0.0,166.1228705369557,415.30776161549784,0.0
2021-08-17,101759.66192916987,100000,101759.66192916987,102341.09256132232,0.0,0.0,166.1228705369557,415.30776161549784,0.0
2021-08-18,101759.66192916987,100000,101759.66192916987,102341.09256132232,0.0,0.0,166.1228705369557,415.30776161549784,0.0
2021-08-19,101759.66192916987,100000,101759.66192916987,102341.09256132232,0.0,0.0,166.1228705369557,415.30776161549784,0.0
2021-08-20,101759.66192916987,100000,101759.66192916987,102341.09256132232,0.0,0.0,166.1228705369557,415.30776161549784,0.0
2021-08-23,101759.66192916987,100000,101759.66192916987,102341.09256132232,0.0,0.0,166.1228705369557,415.30776161549784,0.0
2021-08-24,101759.66192916987,100000,101759.66192916987,102341.09256132232,0.0,0.0,166.1228705369557,415.30776161549784,0.0
2021-08-25,101759.66192916987,100000,101759.66192916987,102341.09256132232,0.0,0.0,166.1228705369557,415.30776161549784,0.0
2021-08-26,101759.66192916987,100000,101759.66192916987,102341.09256132232,0.0,0.0,166.1228705369557,415.30776161549784,0.0
2021-08-27,101759.66192916987,100000,101759.66192916987,102341.09256132232,0.0,0.0,166.1228705369557,415.30776161549784,0.0
2021-08-30,101759.66192916987,100000,101759.66192916987,102341.09256132232,0.0,0.0,166.1228705369557,415.30776161549784,0.0
2021-08-31,101759.66192916987,100000,101759.66192916987,102341.09256132232,0.0,0.0,166.1228705369557,415.30776161549784,0.0
2021-09-01,101759.66192916987,100000,101759.66192916987,102341.09256132232,0.0,0.0,166.1228705369557,415.30776161549784,0.0
2021-09-02,101759.66192916987,100000,101759.66192916987,102341.09256132232,0.0,0.0,166.1228705369557,415.30776161549784,0.0
2021-09-03,101759.66192916987,100000,101759.66192916987,102341.09256132232,0.0,0.0,166.1228705369557,415.30776161549784,0.0
2021-09-07,101759.66192916987,100000,101759.66192916987,102341.09256132232,0.0,0.0,166.1228705369557,415.30776161549784,0.0
2021-09-08,101759.66192916987,100000,101759.66192916987,102341.09256132232,0.0,0.0,166.1228705369557,415.30776161549784,0.0
2021-09-09,101759.66192916987,100000,101759.66192916987,102341.09256132232,0.0,0.0,166.1228705369557,415.30776161549784,0.0
2021-09-10,101759.66192916987,100000,101759.66192916987,102341.09256132232,0.0,0.0,166.1228705369557,415.30776161549784,0.0
2021-09-13,101759.66192916987,100000,101759.66192916987,102341.09256132232,0.0,0.0,166.1228705369557,415.30776161549784,0.0
2021-09-14,82751.05074146419,100000,101262.9732620061,101914.40578801947,97791.12861314285,18511.9225205419,186.1247643978851,465.30776161549295,0.0
2021-09-15,82751.05074146419,100000,100839.2256399717,101490.65816598508,100681.13657565255,18088.174898507503,186.1247643978851,465.30776161549295,0.0
2021-09-16,82751.05074146419,100000,100345.76149111279,100997.19401712617,100062.35749201465,17594.710749648606,186.1247643978851,465.30776161549295,0.0
2021-09-17,82751.05074146419,100000,100223.06505075863,100874.497576772,99508.02847190373,17472.014309294434,186.1247643978851,465.30776161549295,0.0
2021-09-20,82751.05074146419,100000,100314.09068011655,100965.52320612993,97023.24874145206,17563.03993865237,186.1247643978851,465.30776161549295,0.0
2021-09-21,82751.05074146419,100000,98783.07977918899,99434.51230520237,98638.90473141361,16032.029037724795,186.1247643978851,465.30776161549295,0.0
2021-09-22,82751.05074146419,100000,98429.83596815915,99081.26849417253,102365.1820790521,15678.785226694963,186.1247643978851,465.30776161549295,0.0
2021-09-23,82751.05074146419,100000,98883.24479662752,99534.6773226409,104837.46143649217,16132.19405516333,186.1247643978851,465.30776161549295,0.0
2021-09-24,82751.05074146419,100000,98297.69883736952,98949.1313633829,106075.8565957655,15546.64809590533,186.1247643978851,465.30776161549295,0.0
2021-09-27,82751.05074146419,100000,98553.7982934422,99205.23081945558,108685.01030996875,15802.747551978006,186.1247643978851,465.30776161549295,0.0
2021-09-28,82751.05074146419,100000,98030.72587212615,98682.15839813952,109679.5930714509,15279.675130661955,186.1247643978851,465.30776161549295,0.0
2021-09-29,82751.05074146419,100000,97845.51802001017,98496.95054602355,109828.53089740024,15094.467278545984,186.1247643978851,465.30776161549295,0.0
2021-09-30,82751.05074146419,100000,96897.05014547482,97548.4826714882,108504.13724407466,14145.999404010632,186.1247643978851,465.30776161549295,0.0
2021-10-01,82751.05074146419,100000,97015.9116177181,97667.34414373148,111867.10811595603,14264.860876253908,186.1247643978851,465.30776161549295,0.0
2021-10-04,82751.05074146419,100000,96283.99259849341,96935.42512450679,113070.5374753468,13532.941857029218,186.1247643978851,465.30776161549295,0.0
2021-10-05,82751.05074146419,100000,96806.01573731792,97457.4482633313,113926.71897593449,14054.964995853734,186.1247643978851,465.30776161549295,0.0
2021-10-06,82751.05074146419,100000,96188.16826920776,96839.60079522114,113420.24071681491,13437.117527743576,186.1247643978851,465.30776161549295,0.0
2021-10-07,82751.05074146419,100000,96850.35813945801,97501.79066547139,113664.75641679467,14099.30739799382,186.1247643978851,465.30776161549295,0.0
2021-10-08,82751.05074146419,100000,95909.08268997449,96560.51521598786,117471.3188495058,13158.031948510303,186.1247643978851,465.30776161549295,0.0
2021-10-11,82751.05074146419,100000,96014.32713082946,96665.75965684284,116253.83117615404,13263.276389365274,186.1247643978851,465.30776161549295,0.0
2021-10-12,82751.05074146419,100000,96416.23568534503,97067.66821135841,115876.05379815269,13665.184943880842,186.1247643978851,465.30776161549295,0.0
2021-10-13,82751.05074146419,100000,96928.43911958091,97579.87164559429,116137.61467913272,14177.388378116724,186.1247643978851,465.30776161549295,0.0
2021-10-14,82751.05074146419,100000,97113.38642002984,97764.81894604322,117185.8144553973,14362.33567856565,186.1247643978851,465.30776161549295,0.0
2021-10-15,82751.05074146419,100000,97395.10481355747,98046.53733957084,117871.29300265163,14644.054072093277,186.1247643978851,465.30776161549295,0.0
2021-10-18,82751.05074146419,100000,97114.25180069127,97765.68432670465,118091.69972890141,14363.201059227082,186.1247643978851,465.30776161549295,0.0
2021-10-19,82751.05074146419,100000,97836.99068114754,98488.42320716091,119956.13630412104,15085.939939683347,186.1247643978851,465.30776161549295,0.0
2021-10-20,82751.05074146419,100000,98232.25000968222,98883.6825356956,121325.99195006625,15481.199268218028,186.1247643978851,465.30776161549295,0.0
2021-10-21,82751.05074146419,100000,98369.37346985485,99020.80599586823,119472.11730729722,15618.32272839066,186.1247643978851,465.30776161549295,0.0
2021-10-22,82751.05074146419,100000,98223.44861862794,98874.88114464132,120899.54175613719,15472.397877163748,186.1247643978851,465.30776161549295,0.0
2021-10-25,82751.05074146419,100000,98301.24312298738,98952.67564900075,122091.18689662563,15550.192381523186,186.1247643978851,465.30776161549295,0.0
2021-10-26,98175.8570807319,100000,98175.8570807319,98912.88973346594,0.0,0.0,210.5808355747576,526.4518171592849,0.0
2021-10-27,98175.8570807319,100000,98175.8570807319,98912.88973346594,0.0,0.0,210.5808355747576,526.4518171592849,0.0
2021-10-28,98175.8570807319,100000,98175.8570807319,98912.88973346594,0.0,0.0,210.5808355747576,526.4518171592849,0.0
2021-10-29,98175.8570807319,100000,98175.8570807319,98912.88973346594,0.0,0.0,210.5808355747576,526.4518171592849,0.0
2021-11-01,98175.8570807319,100000,98175.8570807319,98912.88973346594,0.0,0.0,210.5808355747576,526.4518171592849,0.0
2021-11-02,98175.8570807319,100000,98175.8570807319,98912.88973346594,0.0,0.0,210.5808355747576,526.4518171592849,0.0
2021-11-03,98175.8570807319,100000,98175.8570807319,98912.88973346594,0.0,0.0,210.5808355747576,526.4518171592849,0.0
2021-11-04,98175.8570807319,100000,98175.8570807319,98912.88973346594,0.0,0.0,210.5808355747576,526.4518171592849,0.0
2021-11-05,98175.8570807319,100000,98175.8570807319,98912.88973346594,0.0,0.0,210.5808355747576,526.4518171592849,0.0
2021-11-08,98175.8570807319,100000,98175.8570807319,98912.88973346594,0.0,0.0,210.5808355747576,526.4518171592849,0.0
2021-11-09,98175.8570807319,100000,98175.8570807319,98912.88973346594,0.0,0.0,210.5808355747576,526.4518171592849,0.0
2021-11-10,98175.8570807319,100000,98175.8570807319,98912.88973346594,0.0,0.0,210.5808355747576,526.4518171592849,0.0
2021-11-11,98175.8570807319,100000,98175.8570807319,98912.88973346594,0.0,0.0,210.5808355747576,526.4518171592849,0.0
2021-11-12,98175.8570807319,100000,98175.8570807319,98912.88973346594,0.0,0.0,210.5808355747576,526.4518171592849,0.0
2021-11-15,98175.8570807319,100000,98175.8570807319,98912.88973346594,0.0,0.0,210.5808355747576,526.4518171592849,0.0
2021-11-16,126807.84276737034,100000,97836.64371372362,98643.67349625938,99917.60898100193,-28971.19905364672,230.57796537647596,576.4518171592748,0.0
2021-11-17,126807.84276737034,100000,97798.4990905506,98605.52887308635,99301.37728182768,-29009.343676819743,230.57796537647596,576.4518171592748,0.0
2021-11-18,126807.84276737034,100000,98703.92781212417,99510.95759465992,99128.46761901803,-28103.914955246175,230.57796537647596,576.4518171592748,0.0
2021-11-19,126807.84276737034,100000,98596.99897004095,99404.0287525767,96197.89441563471,-28210.84379732939,230.57796537647596,576.4518171592748,0.0
2021-11-22,126807.84276737034,100000,98598.7481853411,99405.77796787686,98422.99871688781,-28209.09458202924,230.57796537647596,576.4518171592748,0.0
2021-11-23,126807.84276737034,100000,98193.26910710937,99000.29888964513,100674.41697902646,-28614.57366026096,230.57796537647596,576.4518171592748,0.0
2021-11-24,126807.84276737034,100000,98211.30561644048,99018.33539897624,101681.88061943026,-28596.537150929857,230.57796537647596,576.4518171592748,0.0
2021-11-26,126807.84276737034,100000,98065.03742652337,98872.06720905913,98556.27604178915,-28742.805340846964,230.57796537647596,576.4518171592748,0.0
2021-11-29,126807.84276737034,100000,98203.23026225425,99010.26004479,99072.45952840554,-28604.612505116085,230.57796537647596,576.4518171592748,0.0
2021-11-30,126807.84276737034,100000,98317.35511287846,99124.38489541422,96985.44173801539,-28490.487654491888,230.57796537647596,576.4518171592748,0.0
2021-12-01,126807.84276737034,100000,98291.1787182457,99098.20850078146,96103.27681142447,-28516.664049124643,230.57796537647596,576.4518171592748,0.0
2021-12-02,126807.84276737034,100000,97607.4046926183,98414.43447515405,98799.02177815982,-29200.438074752048,230.57796537647596,576.4518171592748,0.0
2021-12-03,126807.84276737034,100000,97939.91923939335,98746.9490219291,98320.00341963198,-28867.923527976985,230.57796537647596,576.4518171592748,0.0
2021-12-06,126807.84276737034,100000,97775.14259576655,98582.1723783023,100145.14627824913,-29032.7001716038,230.57796537647596,576.4518171592748,0.0
2021-12-07,126807.84276737034,100000,97678.58902038902,98485.61880292477,101960.67643749632,-29129.253746981325,230.57796537647596,576.4518171592748,0.0
2021-12-08,126807.84276737034,100000,97159.35315682521,97966.38293936096,102030.62362681035,-29648.489610545126,230.57796537647596,576.4518171592748,0.0
2021-12-09,126807.84276737034,100000,96569.85627902785,97376.88606156361,101096.51623909149,-30237.98648834248,230.57796537647596,576.4518171592748,0.0
2021-12-10,126807.84276737034,100000,96917.74052400005,97724.77030653581,101666.71959971069,-29890.102243370282,230.57796537647596,576.4518171592748,0.0
2021-12-13,126807.84276737034,100000,97078.89383525995,97885.9236177957,99093.139802981,-29728.94893211039,230.57796537647596,576.4518171592748,0.0
2021-12-14,126807.84276737034,100000,96723.86524227886,97530.89502481461,99116.09161529274,-30083.977525091483,230.57796537647596,576.4518171592748,0.0
2021-12-15,126807.84276737034,100000,97105.38247243679,97912.41225497254,98763.87072539628,-29702.460294933553,230.57796537647596,576.4518171592748,0.0
2021-12-16,126807.84276737034,100000,96988.53167222941,97795.56145476516,99847.65994943932,-29819.311095140925,230.57796537647596,576.4518171592748,0.0
2021-12-17,126807.84276737034,100000,97169.30854049075,97976.3383230265,96648.9178253379,-29638.5342268796,230.57796537647596,576.4518171592748,0.0
2021-12-20,126807.84276737034,100000,97136.62141699917,97943.65119953493,96671.82328774894,-29671.22135037116,230.57796537647596,576.4518171592748,0.0
2021-12-21,126807.84276737034,100000,97140.7481629923,97947.77794552805,98699.2086945793,-29667.094604378042,230.57796537647596,576.4518171592748,0.0
2021-12-22,126807.84276737034,100000,96969.21895635758,97776.24873889334,99261.40736240629,-29838.62381101276,230.57796537647596,576.4518171592748,0.0
2021-12-23,126807.84276737034,100000,96867.3101528734,97674.33993540915,99470.75966465767,-29940.532614496937,230.57796537647596,576.4518171592748,0.0
2021-12-27,126807.84276737034,100000,96530.85966239138,97337.88944492713,101780.12078326206,-30276.983104978965,230.57796537647596,576.4518171592748,0.0
2021-12-28,126807.84276737034,100000,96614.75965750834,97421.7894400441,101608.33176736071,-30193.083109862004,230.57796537647596,576.4518171592748,0.0
2021-12-29,126807.84276737034,100000,96856.13310806303,97663.16289059879,101171.59042054166,-29951.709659307307,230.57796537647596,576.4518171592748,0.0
2021-12-30,96763.27549357395,100000,96763.27549357395,97641.2531196429,0.0,0.0,250.85091878735147,627.1267072816039,0.0
2021-12-31,96763.27549357395,100000,96763.27549357395,97641.2531196429,0.0,0.0,250.85091878735147,627.1267072816039,0.0
