timestamp,symbol,quantity,reference_price,execution_price,commission,slippage_cost,reason
2021-02-09,COP,-1127.751085229605,37.772117247230156,37.75323118860654,8.515249488775039,21.298773108491293,entry_threshold
2021-02-09,CVX,801.0578006856142,71.65831695776053,71.69414611623941,11.486231001981562,28.701226891504664,entry_threshold
2021-03-02,COP,1127.751085229605,43.30656984198425,43.328223126905236,9.77269013048757,24.419515568428874,mean_reversion
2021-03-02,CVX,-801.0578006856142,81.27853532703153,81.23789605936803,13.015250069928774,32.55440237600364,mean_reversion
2021-04-21,COP,1060.894588326475,39.61179123770456,39.63159713332341,8.40898938509557,21.011967478998937,entry_threshold
2021-04-21,CVX,-724.3921168568103,80.03409160989148,79.99407456408653,11.589415401896032,28.988032520999667,entry_threshold
2021-05-10,COP,-1060.894588326475,48.0075278551667,47.98352409123912,10.181092207445726,25.46546325023714,mean_reversion
2021-05-10,CVX,724.3921168568103,88.89665513121382,88.94110345877942,12.88564684201716,32.19801809599281,mean_reversion
2021-05-20,COP,-908.5595738368581,46.25336209989099,46.23023541884105,8.400584598103968,21.011967478998848,entry_threshold
2021-05-20,CVX,696.6079851439985,83.22624241813237,83.26785553934144,11.601010614904434,28.98803252100155,entry_threshold
2021-07-02,COP,908.5595738368581,51.913473142520154,51.93942987909141,9.438013255255335,23.58324151737944,maximum_holding_period
2021-07-02,CVX,-696.6079851439985,85.34990673757684,85.30723178420806,11.885139770281848,29.727713282345665,maximum_holding_period
2021-07-06,COP,-789.77763774715,52.17944681873322,52.153357095323855,8.23791103346569,20.605080123723493,entry_threshold
2021-07-06,CVX,687.0546522618409,85.5679232489101,85.61070721053456,11.76384693448482,29.394919876271263,entry_threshold
2021-07-30,COP,789.77763774715,47.53663517591941,47.560403493507366,7.51242862428071,18.77168571784164,mean_reversion
2021-07-30,CVX,-687.0546522618409,83.21818857690312,83.17657948261467,11.429371178551438,28.58772180727884,mean_reversion
2021-09-14,COP,-831.2388224368823,48.75938690430356,48.735007210851414,8.102086001080218,20.265347676534812,entry_threshold
2021-09-14,CVX,738.6552003902356,80.51023619072122,80.55049130881658,11.899807859849167,29.73465232346031,entry_threshold
2021-10-26,COP,831.2388224368823,64.22805440473455,64.26016843193692,10.683109347391792,26.69442615540266,maximum_holding_period
2021-10-26,CVX,-738.6552003902356,93.27661775127568,93.22997944240005,13.772961829480709,34.4496293883893,maximum_holding_period
2021-11-16,COP,579.6120620000349,61.5049460302256,61.5356985032407,7.133366619215162,17.82450429588594,entry_threshold
2021-11-16,CVX,-671.4551621292186,95.83810660440795,95.79018755110576,12.863763182503195,32.17549570410396,entry_threshold
2021-12-30,COP,-579.6120620000349,61.57235631717661,61.54157013901803,7.1340472733992035,17.84404020359826,maximum_holding_period
2021-12-30,CVX,671.4551621292186,97.79014823453913,97.8390433086564,13.138906137476306,32.8308499187308,maximum_holding_period
