symbol_a,symbol_b,observations,intercept,hedge_ratio,engle_granger_statistic,engle_granger_pvalue,engle_granger_critical_values,adf_statistic,adf_pvalue,adf_lags,adf_diagnostic_pass,adjusted_pvalue,cointegrated,eligible,exclusion_reason
BAC,COP,252,1.1401008319176191,0.6248113845507255,-2.282519597758008,0.3823070186338441,"(-3.9406052338851767, -3.360581327756702, -3.0613903850732527)",-2.2825195977580326,0.02160874331546913,0,True,0.858537018750596,False,True,
BAC,CVX,252,-1.6578588242435264,1.1789265837735465,-1.9923706878238407,0.5325415784170875,"(-3.9406052338851767, -3.360581327756702, -3.0613903850732527)",-1.9923706878239555,0.04430628648517713,0,True,0.8662592175665109,False,True,
BAC,JPM,252,-4.423327995475776,1.6244555975165964,-2.4312121579377988,0.3102182287819035,"(-3.9406052338851767, -3.360581327756702, -3.0613903850732527)",-2.4312121579377877,0.014522423781389905,0,True,0.858537018750596,False,True,
BAC,WFC,252,0.7446752331743547,0.7726241891494803,-2.58251101567708,0.24393917946331956,"(-3.9406052338851767, -3.360581327756702, -3.0613903850732527)",-2.5825110156771243,0.009500674343194598,1,True,0.858537018750596,False,True,
BAC,XOM,252,-0.36500563647873807,1.0163708839325962,-2.573310253462641,0.24772779412946172,"(-3.9406052338851767, -3.360581327756702, -3.0613903850732527)",-2.573310253462674,0.009754553886805175,5,True,0.858537018750596,False,True,
COP,CVX,252,-3.9703437195860527,1.7722386906837,-1.381682996122448,0.8037228070667398,"(-3.9406052338851767, -3.360581327756702, -3.0613903850732527)",-1.3816829961225412,0.1553365223602785,0,False,0.8662592175665109,False,True,
COP,JPM,252,-6.732559032431594,2.158299698092608,-1.9661439679839452,0.546125706705417,"(-3.9406052338851767, -3.360581327756702, -3.0613903850732527)",-1.9661439679840782,0.04709749082033686,0,True,0.8662592175665109,False,True,
COP,WFC,252,0.22030020824965768,1.00283420921245,-1.4503735552809707,0.7797259488384618,"(-3.9406052338851767, -3.360581327756702, -3.0613903850732527)",-1.450373555280878,0.1373035457021491,0,False,0.8662592175665109,False,True,
COP,XOM,252,-1.8433623385634021,1.48042117380237,-1.635967757153971,0.7054722953481107,"(-3.9406052338851767, -3.360581327756702, -3.0613903850732527)",-1.635967757154026,0.09618007034935416,0,False,0.8662592175665109,False,True,
CVX,JPM,252,-0.5822761013841271,1.019294862400555,-1.3672797991610857,0.8085086030620768,"(-3.9406052338851767, -3.360581327756702, -3.0613903850732527)",-1.3672797991604562,0.15931694033097632,0,False,0.8662592175665109,False,True,
CVX,WFC,252,2.6864109794122664,0.47769426399324133,-1.4955822104560534,0.7628822080322244,"(-3.9406052338851767, -3.360581327756702, -3.0613903850732527)",-1.4955822104562122,0.12628160737339172,0,False,0.8662592175665109,False,True,
CVX,XOM,252,1.449114440433368,0.7709546960405376,-0.9767607598979933,0.907166821735474,"(-3.9406052338851767, -3.360581327756702, -3.0613903850732527)",-0.9767607598982921,0.29746110970833284,0,False,0.907166821735474,False,True,
JPM,WFC,252,3.307254533357179,0.441134170963992,-3.027580824519362,0.1037942076013525,"(-3.9406052338851767, -3.360581327756702, -3.0613903850732527)",-3.0275808245193323,0.0024367889707385113,0,True,0.858537018750596,False,True,
JPM,XOM,252,2.6591753750206544,0.5840529814879991,-2.8236374063634386,0.15827956619253492,"(-3.9406052338851767, -3.360581327756702, -3.0613903850732527)",-2.8236374063634058,0.004639363716233,0,True,0.858537018750596,False,True,
WFC,XOM,252,-0.927774956904257,1.1839733379764965,-2.2462631666719672,0.40065060875027814,"(-3.9406052338851767, -3.360581327756702, -3.0613903850732527)",-2.246263166671956,0.023736288685155572,0,True,0.858537018750596,False,True,
