label,selected_pair,passing_count,net_return,gross_return,max_drawdown,trades,equal_weight_buy_hold,cash,cost_multiple,borrow_rate
validation,"['COP', 'CVX']",1,-0.09441385717595929,-0.07584882332435405,-0.16069761042143704,13,1.0334047348432218,0.0,1,0.0
walk_forward_1,,0,0.0,0.0,0.0,0,-0.2685368278793948,0.0,1,0.0
walk_forward_2,"['COP', 'CVX']",1,-0.032367245064260475,-0.023587468803570988,-0.08365378033901782,6,0.5576744462852365,0.0,1,0.0
walk_forward_3,,0,0.0,0.0,0.0,0,0.24439126377195275,0.0,1,0.0
test_cost1x_borrow0pct,"['COP', 'CVX']",1,0.09417027836998493,0.11945471009139519,-0.09283872463971132,18,0.652361673574201,0.0,1,0.0
test_cost1x_borrow3pct,"['COP', 'CVX']",1,0.07470445729098829,0.11945471009139386,-0.09941416796341718,18,0.652361673574201,0.0,1,0.03
test_cost1x_borrow8pct,"['COP', 'CVX']",1,0.04226142215933115,0.1194547100913963,-0.11044846033361588,18,0.652361673574201,0.0,1,0.08
test_cost2x_borrow0pct,"['COP', 'CVX']",1,0.068885870539515,0.11945471009139474,-0.10132567444070428,18,0.652361673574201,0.0,2,0.0
test_cost2x_borrow3pct,"['COP', 'CVX']",1,0.04942004946051903,0.11945471009139452,-0.10793654306288669,18,0.652361673574201,0.0,2,0.03
test_cost2x_borrow8pct,"['COP', 'CVX']",1,0.016977014328860562,0.11945471009139563,-0.11903044027002418,18,0.652361673574201,0.0,2,0.08
test_cost3x_borrow0pct,"['COP', 'CVX']",1,0.04360148659998542,0.11945471009139519,-0.10984763846472478,18,0.652361673574201,0.0,3,0.0
test_cost3x_borrow3pct,"['COP', 'CVX']",1,0.02413566552098878,0.1194547100913943,-0.11649416982848138,18,0.652361673574201,0.0,3,0.03
test_cost3x_borrow8pct,"['COP', 'CVX']",1,-0.008307369610669246,0.11945471009139563,-0.127648072688067,18,0.652361673574201,0.0,3,0.08
