fold,train_end,evaluation_start,evaluation_end,selected_pair,fold_net_return,fold_trade_count,symbol_a,symbol_b,observations,intercept,hedge_ratio,engle_granger_statistic,engle_granger_pvalue,engle_granger_critical_values,adf_statistic,adf_pvalue,adf_lags,adf_diagnostic_pass,adjusted_pvalue,cointegrated,eligible,exclusion_reason
walk_forward_1,2019-12-31,2020-01-01,2020-12-31,,0,0,BAC,COP,252,2.873037147030715,0.08679827457916139,-1.390178070641974,0.8008600972158786,"(-3.9406052338851767, -3.360581327756702, -3.0613903850732527)",-1.390178070641265,0.1530213827051442,0,False,0.8580643898741557,False,True,
walk_forward_1,2019-12-31,2020-01-01,2020-12-31,,0,0,BAC,CVX,252,-0.3578616121722171,0.7979310150062526,-0.8995453156377851,0.9203041399913,"(-3.9406052338851767, -3.360581327756702, -3.0613903850732527)",-0.89954531563768,0.3290308551067017,0,False,0.9203041399913,False,True,
walk_forward_1,2019-12-31,2020-01-01,2020-12-31,,0,0,BAC,JPM,252,-0.1327688316694626,0.7359551299565976,-2.383416456356635,0.3327490439267819,"(-3.9406052338851767, -3.360581327756702, -3.0613903850732527)",-2.383416456356619,0.0165365936123717,0,True,0.8580643898741557,False,True,
walk_forward_1,2019-12-31,2020-01-01,2020-12-31,,0,0,BAC,WFC,252,-0.8880300413228717,1.107729513690865,-2.794726812430433,0.1673682619798678,"(-3.9406052338851767, -3.360581327756702, -3.0613903850732527)",-2.794726812431,0.0050687599324416,0,True,0.6398416209301665,False,True,
walk_forward_1,2019-12-31,2020-01-01,2020-12-31,,0,0,BAC,XOM,252,3.823335424924924,-0.1547092337603819,-1.641117423158384,0.703226856037161,"(-3.9406052338851767, -3.360581327756702, -3.0613903850732527)",-1.641117423158514,0.0951901760507736,0,False,0.8580643898741557,False,True,
walk_forward_1,2019-12-31,2020-01-01,2020-12-31,,0,0,COP,CVX,252,3.869509503922404,-0.0023043672780805,-1.695543597616092,0.6789373215802881,"(-3.9406052338851767, -3.360581327756702, -3.0613903850732527)",-1.695543597616185,0.0851996125745845,0,False,0.8580643898741557,False,True,
walk_forward_1,2019-12-31,2020-01-01,2020-12-31,,0,0,COP,JPM,252,4.84775244422188,-0.2177701032822018,-1.675738964041968,0.687891447191725,"(-3.9406052338851767, -3.360581327756702, -3.0613903850732527)",-1.675738964042015,0.0887363338090966,0,False,0.8580643898741557,False,True,
walk_forward_1,2019-12-31,2020-01-01,2020-12-31,,0,0,COP,WFC,252,3.186031257509064,0.1820542847033279,-1.717794108163979,0.6687260959144322,"(-3.9406052338851767, -3.360581327756702, -3.0613903850732527)",-1.717794108163981,0.0813578783149204,0,False,0.8580643898741557,False,True,
walk_forward_1,2019-12-31,2020-01-01,2020-12-31,,0,0,COP,XOM,252,0.2187051722544657,0.9153205274562756,-1.486903854122838,0.7661795518381953,"(-3.9406052338851767, -3.360581327756702, -3.0613903850732527)",-1.486903854122838,0.1283459520807384,1,False,0.8580643898741557,False,True,
walk_forward_1,2019-12-31,2020-01-01,2020-12-31,,0,0,CVX,JPM,252,3.916000470834927,0.1218000897658364,-3.224436214407365,0.0659354423326423,"(-3.9406052338851767, -3.360581327756702, -3.0613903850732527)",-3.224436214406516,0.0012682762048541,0,True,0.4945158174948179,False,True,
walk_forward_1,2019-12-31,2020-01-01,2020-12-31,,0,0,CVX,WFC,252,4.149886112988153,0.08627307434344431,-3.25671425082961,0.0609442126650954,"(-3.9406052338851767, -3.360581327756702, -3.0613903850732527)",-3.256714250828933,0.0011362234854399,0,True,0.4945158174948179,False,True,
walk_forward_1,2019-12-31,2020-01-01,2020-12-31,,0,0,CVX,XOM,252,3.130222923424328,0.3365784607884667,-2.784629003999693,0.1706244322480444,"(-3.9406052338851767, -3.360581327756702, -3.0613903850732527)",-2.784629004000412,0.0052270662868191,0,True,0.6398416209301665,False,True,
walk_forward_1,2019-12-31,2020-01-01,2020-12-31,,0,0,JPM,WFC,252,0.0879017264214119,1.203853495771439,-1.451748222737279,0.7792259930530016,"(-3.9406052338851767, -3.360581327756702, -3.0613903850732527)",-1.45174822273761,0.1369585737372575,0,False,0.8580643898741557,False,True,
walk_forward_1,2019-12-31,2020-01-01,2020-12-31,,0,0,JPM,XOM,252,7.125878289965052,-0.6503151321969053,-1.556890430868075,0.7387373924797773,"(-3.9406052338851767, -3.360581327756702, -3.0613903850732527)",-1.556890430868685,0.1123830906751519,0,False,0.8580643898741557,False,True,
walk_forward_1,2019-12-31,2020-01-01,2020-12-31,,0,0,WFC,XOM,252,4.888952638226733,-0.2995153015549534,-1.647771692911085,0.7003115337459098,"(-3.9406052338851767, -3.360581327756702, -3.0613903850732527)",-1.647771692910598,0.0939226246353608,1,False,0.8580643898741557,False,True,
walk_forward_2,2020-12-31,2021-01-01,2021-12-31,COP/CVX,-0.03236724506426047,6,BAC,COP,252,1.18706028709393,0.5522095733368411,-1.225334254070108,0.8511416541975668,"(-3.9406052338851767, -3.360581327756702, -3.0613903850732527)",-1.225334254070074,0.2022735588976574,5,False,0.9728176026334791,False,True,
walk_forward_2,2020-12-31,2021-01-01,2021-12-31,COP/CVX,-0.03236724506426047,6,BAC,CVX,252,-0.2086540954684494,0.7894275464476663,-1.330843288894954,0.8202346787169761,"(-3.9406052338851767, -3.360581327756702, -3.0613903850732527)",-1.330843288895006,0.1696971468295505,6,False,0.9728176026334791,False,True,
walk_forward_2,2020-12-31,2021-01-01,2021-12-31,COP/CVX,-0.03236724506426047,6,BAC,JPM,252,-1.364387677980146,0.9939223455323994,-2.231467142454236,0.4082008671934152,"(-3.9406052338851767, -3.360581327756702, -3.0613903850732527)",-2.231467142454178,0.0246551991293456,2,True,0.9728176026334791,False,True,
walk_forward_2,2020-12-31,2021-01-01,2021-12-31,COP/CVX,-0.03236724506426047,6,BAC,WFC,252,1.595293628805675,0.4693937857862696,-1.575132021429961,0.7312711337011395,"(-3.9406052338851767, -3.360581327756702, -3.0613903850732527)",-1.575132021429949,0.1084758328077048,10,False,0.9728176026334791,False,True,
walk_forward_2,2020-12-31,2021-01-01,2021-12-31,COP/CVX,-0.03236724506426047,6,BAC,XOM,252,1.039620387620753,0.5886728594903601,-0.8467883702799176,0.9282713368825192,"(-3.9406052338851767, -3.360581327756702, -3.0613903850732527)",-0.8467883702799499,0.3509364370634005,7,False,0.9728176026334791,False,True,
walk_forward_2,2020-12-31,2021-01-01,2021-12-31,COP/CVX,-0.03236724506426047,6,COP,CVX,252,-2.656718247733978,1.460345924396332,-4.509028861836661,0.0011834875944041,"(-3.9406052338851767, -3.360581327756702, -3.0613903850732527)",-4.509028861836657,9.088232107250346e-06,2,True,0.017752313916062,True,True,
walk_forward_2,2020-12-31,2021-01-01,2021-12-31,COP/CVX,-0.03236724506426047,6,COP,JPM,252,-1.627467648437023,1.134566961216427,-1.630621999588654,0.7077932900924044,"(-3.9406052338851767, -3.360581327756702, -3.0613903850732527)",-1.630621999588762,0.0972159552023686,0,False,0.9728176026334791,False,True,
walk_forward_2,2020-12-31,2021-01-01,2021-12-31,COP/CVX,-0.03236724506426047,6,COP,WFC,252,1.136629572677271,0.72662349288581,-2.108223717482935,0.4720691026038497,"(-3.9406052338851767, -3.360581327756702, -3.0613903850732527)",-2.108223717482942,0.0335706235730166,0,True,0.9728176026334791,False,True,
walk_forward_2,2020-12-31,2021-01-01,2021-12-31,COP/CVX,-0.03236724506426047,6,COP,XOM,252,-0.4332345567875838,1.11337232670696,-3.04255375180924,0.1004335953173465,"(-3.9406052338851767, -3.360581327756702, -3.0613903850732527)",-3.042553751809255,0.0023212009308432,7,True,0.502167976586733,False,True,
walk_forward_2,2020-12-31,2021-01-01,2021-12-31,COP/CVX,-0.03236724506426047,6,CVX,JPM,252,1.066092964070462,0.6966013089722359,-1.862416209469434,0.5989397372548623,"(-3.9406052338851767, -3.360581327756702, -3.0613903850732527)",-1.862416209469382,0.0595948954899752,8,False,0.9728176026334791,False,True,
walk_forward_2,2020-12-31,2021-01-01,2021-12-31,COP/CVX,-0.03236724506426047,6,CVX,WFC,252,2.79696749800712,0.4356431034316401,-2.661623512783446,0.2136836487272897,"(-3.9406052338851767, -3.360581327756702, -3.0613903850732527)",-2.661623512783427,0.0075504919055575,7,True,0.8013136827273365,False,True,
walk_forward_2,2020-12-31,2021-01-01,2021-12-31,COP/CVX,-0.03236724506426047,6,CVX,XOM,252,1.68043502377686,0.7174468882146177,-3.044955807506635,0.0999022303878547,"(-3.9406052338851767, -3.360581327756702, -3.0613903850732527)",-3.044955807506703,0.0023031365227898,7,True,0.502167976586733,False,True,
walk_forward_2,2020-12-31,2021-01-01,2021-12-31,COP/CVX,-0.03236724506426047,6,JPM,WFC,252,3.048929147555829,0.4501674306507445,-0.8527000079600082,0.9274171598380472,"(-3.9406052338851767, -3.360581327756702, -3.0613903850732527)",-0.8527000079600084,0.348471323619037,9,False,0.9728176026334791,False,True,
walk_forward_2,2020-12-31,2021-01-01,2021-12-31,COP/CVX,-0.03236724506426047,6,JPM,XOM,252,2.674419809602778,0.5194502829330281,-0.3621587320174087,0.9728176026334792,"(-3.9406052338851767, -3.360581327756702, -3.0613903850732527)",-0.3621587320173411,0.5517661131995354,10,False,0.9728176026334791,False,True,
walk_forward_2,2020-12-31,2021-01-01,2021-12-31,COP/CVX,-0.03236724506426047,6,WFC,XOM,252,-0.7161631271280458,1.12093527488069,-1.88829073833789,0.585933698709318,"(-3.9406052338851767, -3.360581327756702, -3.0613903850732527)",-1.888290738337888,0.0562498478115476,0,False,0.9728176026334791,False,True,
walk_forward_3,2021-12-31,2022-01-01,2022-12-30,,0,0,BAC,COP,252,1.140100831917619,0.6248113845507255,-2.282519597758008,0.3823070186338441,"(-3.9406052338851767, -3.360581327756702, -3.0613903850732527)",-2.282519597758033,0.0216087433154691,0,True,0.858537018750596,False,True,
walk_forward_3,2021-12-31,2022-01-01,2022-12-30,,0,0,BAC,CVX,252,-1.657858824243526,1.178926583773546,-1.992370687823841,0.5325415784170875,"(-3.9406052338851767, -3.360581327756702, -3.0613903850732527)",-1.992370687823956,0.0443062864851771,0,True,0.8662592175665109,False,True,
walk_forward_3,2021-12-31,2022-01-01,2022-12-30,,0,0,BAC,JPM,252,-4.423327995475776,1.624455597516596,-2.431212157937799,0.3102182287819035,"(-3.9406052338851767, -3.360581327756702, -3.0613903850732527)",-2.431212157937788,0.0145224237813899,0,True,0.858537018750596,False,True,
walk_forward_3,2021-12-31,2022-01-01,2022-12-30,,0,0,BAC,WFC,252,0.7446752331743547,0.7726241891494803,-2.58251101567708,0.2439391794633195,"(-3.9406052338851767, -3.360581327756702, -3.0613903850732527)",-2.582511015677124,0.009500674343194499,1,True,0.858537018750596,False,True,
walk_forward_3,2021-12-31,2022-01-01,2022-12-30,,0,0,BAC,XOM,252,-0.365005636478738,1.016370883932596,-2.573310253462641,0.2477277941294617,"(-3.9406052338851767, -3.360581327756702, -3.0613903850732527)",-2.573310253462674,0.009754553886805101,5,True,0.858537018750596,False,True,
walk_forward_3,2021-12-31,2022-01-01,2022-12-30,,0,0,COP,CVX,252,-3.970343719586053,1.7722386906837,-1.381682996122448,0.8037228070667398,"(-3.9406052338851767, -3.360581327756702, -3.0613903850732527)",-1.381682996122541,0.1553365223602785,0,False,0.8662592175665109,False,True,
walk_forward_3,2021-12-31,2022-01-01,2022-12-30,,0,0,COP,JPM,252,-6.732559032431594,2.158299698092608,-1.966143967983945,0.546125706705417,"(-3.9406052338851767, -3.360581327756702, -3.0613903850732527)",-1.966143967984078,0.0470974908203368,0,True,0.8662592175665109,False,True,
walk_forward_3,2021-12-31,2022-01-01,2022-12-30,,0,0,COP,WFC,252,0.2203002082496576,1.00283420921245,-1.450373555280971,0.7797259488384618,"(-3.9406052338851767, -3.360581327756702, -3.0613903850732527)",-1.450373555280878,0.1373035457021491,0,False,0.8662592175665109,False,True,
walk_forward_3,2021-12-31,2022-01-01,2022-12-30,,0,0,COP,XOM,252,-1.843362338563402,1.48042117380237,-1.635967757153971,0.7054722953481107,"(-3.9406052338851767, -3.360581327756702, -3.0613903850732527)",-1.635967757154026,0.09618007034935409,0,False,0.8662592175665109,False,True,
walk_forward_3,2021-12-31,2022-01-01,2022-12-30,,0,0,CVX,JPM,252,-0.5822761013841271,1.019294862400555,-1.367279799161086,0.8085086030620768,"(-3.9406052338851767, -3.360581327756702, -3.0613903850732527)",-1.367279799160456,0.1593169403309763,0,False,0.8662592175665109,False,True,
walk_forward_3,2021-12-31,2022-01-01,2022-12-30,,0,0,CVX,WFC,252,2.686410979412266,0.4776942639932413,-1.495582210456053,0.7628822080322244,"(-3.9406052338851767, -3.360581327756702, -3.0613903850732527)",-1.495582210456212,0.1262816073733917,0,False,0.8662592175665109,False,True,
walk_forward_3,2021-12-31,2022-01-01,2022-12-30,,0,0,CVX,XOM,252,1.449114440433368,0.7709546960405376,-0.9767607598979932,0.907166821735474,"(-3.9406052338851767, -3.360581327756702, -3.0613903850732527)",-0.976760759898292,0.2974611097083328,0,False,0.907166821735474,False,True,
walk_forward_3,2021-12-31,2022-01-01,2022-12-30,,0,0,JPM,WFC,252,3.307254533357179,0.441134170963992,-3.027580824519362,0.1037942076013525,"(-3.9406052338851767, -3.360581327756702, -3.0613903850732527)",-3.027580824519332,0.0024367889707385,0,True,0.858537018750596,False,True,
walk_forward_3,2021-12-31,2022-01-01,2022-12-30,,0,0,JPM,XOM,252,2.659175375020654,0.5840529814879991,-2.823637406363438,0.1582795661925349,"(-3.9406052338851767, -3.360581327756702, -3.0613903850732527)",-2.823637406363406,0.004639363716233,0,True,0.858537018750596,False,True,
walk_forward_3,2021-12-31,2022-01-01,2022-12-30,,0,0,WFC,XOM,252,-0.927774956904257,1.183973337976497,-2.246263166671967,0.4006506087502781,"(-3.9406052338851767, -3.360581327756702, -3.0613903850732527)",-2.246263166671956,0.0237362886851555,0,True,0.858537018750596,False,True,
